<application>
  <component name="MaterialThemeConfig">
    <option name="version" value="2.7.2" />
    <option name="highlightColor" value="80cbc4" />
    <option name="highlightColorEnabled" value="true" />
    <option name="highlightThickness" value="4" />
    <option name="isContrastMode" value="true" />
    <option name="isBoldTabs" value="true" />
    <option name="isCustomTreeIndentEnabled" value="true" />
    <option name="accentColor" value="009688" />
    <option name="compactSidebar" value="true" />
    <option name="tabsHeight" value="40" />
    <option name="isCompactStatusBar" value="true" />
    <option name="isCompactTables" value="true" />
    <option name="darkTitleBar" value="true" />
    <option name="compactDropdowns" value="true" />
    <option name="settingsSelectedTab" value="3" />
    <option name="userId" value="4c0a6ff0:1652b19bbf2:-8000" />
    <option name="allowDataCollection" value="true" />
    <option name="isHighContrast" value="true" />
    <option name="isWizardShown" value="true" />
  </component>
</application>