<application>
  <component name="MaterialThemeConfig">
    <option name="compactTables" value="true" />
    <option name="borderedButtons" value="true" />
    <option name="compactDropdowns" value="true" />
    <option name="compactSidebar" value="true" />
    <option name="isHighlightColorEnabled" value="true" />
    <option name="isCompactMenus" value="true" />
    <option name="isCompactStatusBar" value="true" />
    <option name="isCompactTables" value="true" />
    <option name="isCompactFields" value="true" />
    <option name="isContrastMode" value="true" />
    <option name="customListItemsSizeEnabled" value="true" />
    <option name="isCustomTreeIndentEnabled" value="true" />
    <option name="isWizardShown" value="true" />
    <option name="pristineConfig" value="false" />
    <option name="useColoredDirectories" value="true" />
    <option name="indicatorStyle" value="None" />
    <option name="settingsSelectedTab" value="6" />
    <option name="tabsHeight" value="26" />
    <option name="accentColor" value="00c6e0" />
    <option name="selectedTheme" value="SKYBLUE" />
    <option name="userId" value="21c78249:17f8f68ee6f:-8000" />
    <option name="version" value="8.6.4" />
  </component>
</application>