<application>
  <component name="AdvancedSettings">
    <option name="settings">
      <map>
        <entry key="bigger.font.in.project.view" value="true" />
        <entry key="confirm.rerun.with.termination" value="false" />
        <entry key="documentation.components.enable.highlighting.of.links" value="true" />
        <entry key="documentation.components.enable.inline.code.highlighting" value="true" />
        <entry key="editor.skip.copy.and.cut.for.empty.selection" value="true" />
        <entry key="git.use.schannel.on.windows" value="true" />
        <entry key="ide.max.recent.projects" value="2" />
        <entry key="ide.show.fileType.icon.in.titleBar" value="true" />
        <entry key="ide.usages.page.size" value="10" />
        <entry key="terminal.buffer.max.lines.count" value="10000" />
      </map>
    </option>
  </component>
</application>