<application>
  <component name="GeneralSettings">
    <option name="showTipsOnStartup" value="false" />
    <option name="confirmExit" value="false" />
    <option name="confirmOpenNewProject2" value="0" />
    <option name="processCloseConfirmation" value="TERMINATE" />
  </component>
  <component name="Registry">
    <entry key="ide.balloon.shadow.size" value="0" />
    <entry key="ide.experimental.ui" value="true" />
    <entry key="debugger.new.tool.window.layout" value="true" />
    <entry key="ide.editor.tab.selection.animation" value="true" />
    <entry key="ide.new.editor.tabs.vertical.borders" value="true" />
    <entry key="editor.focus.mode.color.light" value="87a7ab" />
    <entry key="editor.focus.mode.color.dark" value="87a7ab" />
  </component>
  <component name="StatusBar">
    <option name="widgets">
      <map>
        <entry key="Memory" value="true" />
        <entry key="mtProjectFactory" value="false" />
        <entry key="webDeployment.default.server.widget" value="false" />
      </map>
    </option>
  </component>
</application>