{
	"id": "772a82ba-fb55-4e3a-a005-e240ea6c22b8",
	"name": "MyCigna",
	"values": [
		{
			"key": "host",
			"value": "https://a-mobile-api.cigna.com",
			"enabled": true
		},
		{
			"key": "login_url",
			"value": "https://a.login.my.cigna.com",
			"type": "default",
			"enabled": true
		},
		{
			"key": "JWT",
			"value": "bearer undefined",
			"enabled": true
		},
		{
			"key": "JWT_KEYONLY",
			"value": "undefined",
			"enabled": true
		},
		{
			"key": "BFF",
			"value": "https://a-digital.test.digitaledge.cigna.com/my",
			"enabled": true
		},
		{
			"key": "BFF_2",
			"value": "https://a-digital.test.digitaledge.cigna.com",
			"type": "default",
			"enabled": true
		},
		{
			"key": "password",
			"value": "Digitalqeintdata",
			"type": "default",
			"enabled": true
		},
		{
			"key": "password_2",
			"value": "Cigna123!",
			"type": "default",
			"enabled": true
		},
		{
			"key": "user",
			"value": "johnnmae123ee",
			"type": "default",
			"enabled": true
		},
		{
			"key": "user_2",
			"value": "WebJane",
			"type": "default",
			"enabled": true
		},
		{
			"key": "user_med",
			"value": "dcmtestcgna4",
			"type": "default",
			"enabled": true
		},
		{
			"key": "user_med2",
			"value": "dcmtestcgna3",
			"type": "default",
			"enabled": true
		},
		{
			"key": "user_dent",
			"value": "dvhsub1",
			"type": "default",
			"enabled": true
		},
		{
			"key": "user_dent2",
			"value": "dvhsub2",
			"type": "default",
			"enabled": true
		},
		{
			"key": "user_other",
			"value": "nymras",
			"type": "default",
			"enabled": true
		},
		{
			"key": "user_copay",
			"value": "chacaaxee01",
			"type": "default",
			"enabled": true
		},
		{
			"key": "user_disney",
			"value": "testcigwebokta3569",
			"type": "default",
			"enabled": true
		},
		{
			"key": "stateToken",
			"value": "undefined",
			"type": "any",
			"enabled": true
		},
		{
			"key": "sessionToken",
			"value": "undefined",
			"type": "any",
			"enabled": true
		},
		{
			"key": "userId",
			"value": "undefined",
			"type": "any",
			"enabled": true
		},
		{
			"key": "code_challenge",
			"value": "8bO1j4brcIYY9rKzR-xiThXxL02dZaJrdsvJhXWYSLE",
			"enabled": true
		},
		{
			"key": "redirect_uri",
			"value": "com.oktapreview.a-mycigna:/callback",
			"enabled": true
		},
		{
			"key": "myc_client_id",
			"value": "tWkJWsIBpzqDeU1ziYSx",
			"enabled": true
		},
		{
			"key": "code",
			"value": "undefined",
			"type": "any",
			"enabled": true
		},
		{
			"key": "code_verifier",
			"value": "9G5C9W_eqE4YTKwAyMivxYgMo6jQbqvXjoDa64-nIuA",
			"enabled": true
		},
		{
			"key": "MYC_CLIENT_ID",
			"value": "tWkJWsIBpzqDeU1ziYSx",
			"enabled": true
		},
		{
			"key": "access_token",
			"value": "",
			"type": "any",
			"enabled": true
		},
		{
			"key": "refresh_token",
			"value": "",
			"type": "any",
			"enabled": true
		},
		{
			"key": "JWT_KEY",
			"value": "",
			"type": "any",
			"enabled": true
		},
		{
			"key": "state",
			"value": "",
			"type": "any",
			"enabled": true
		},
		{
			"key": "digital-openshift-url",
			"value": "http://apis.digital-qe-poc.apps.gp-1-nonprod.openshift.cignacloud.com",
			"enabled": true
		},
		{
			"key": "emailFactorId",
			"value": "",
			"type": "any",
			"enabled": true
		}
	],
	"_postman_variable_scope": "environment",
	"_postman_exported_at": "2023-07-05T03:37:36.008Z",
	"_postman_exported_using": "Postman/10.15.4"
}